"",81
the,59
was,41
to,39
and,33
that,28
a,28
he,28
of,20
her,20
had,19
in,14
they,14
his,14
could,13
with,13
It,13
She,10
it,10
for,9
be,8
The,8
at,8
she,8
on,7
knew,7
He,7
all,7
this,7
but,6
have,6
which,6
you,6
after,5
truth,5
what,5
it.,5
were,5
did,4
him,4
not,4
there,4
out,4
into,4
whole,4
like,4
around,4
part,4
made,4
"it,",4
as,4
wasn't,4
They,4
important,4
purchase,4
color,4
come,4
some,3
by,3
their,3
other,3
any,3
long,3
across,3
really,3
from,3
decided,3
no,3
didn't,3
over,3
would,3
good,3
right,3
might,3
many,3
himself.,3
exactly,3
than,3
seconds,3
make,3
There,3
been,3
so,3
situation,3
done,3
never,3
matter,3
an,3
about,3
When,3
those,2
biting,2
filled,2
taken.,2
upbraiding,2
who,2
down,2
soul's,2
history.,2
sitting,2
seemed,2
generate,2
sit,2
summer,2
vague,2
passing,2
herself.,2
day.,2
told,2
tell,2
bare,2
So,2
already,2
path,2
hikers,2
having,2
round,2
merry,2
unfamiliar;,2
anguish.,2
going,2
everyone,2
"her,",2
droplets,2
only,2
"consciousness,",2
thought,2
"firm,",2
just,2
At,2
mood.,2
see,2
correct,2
directed,2
arms,2
up,2
satisfied,2
cry,2
reveal,2
droplet,2
insteps.,2
nipping,2
hadn't,2
him.,2
"shadow,",2
time,2
"Fate,",2
lamenting,2
that's,2
footsteps,2
"husband,",2
believed,2
inwardly,2
weather,2
being,2
mosquitoes,2
strange,2
or,2
Indescribable,2
"oppression,",2
unfamiliar,2
mist,2
also,2
keep,2
secret,2
wanted,2
sure,2
yelling,2
hear,2
later,2
times,2
when,2
That,2
on.,2
them,2
mom,2
car,2
why,2
held,2
yourself,2
how,2
gifts,2
nothing,2
again,2
moment.,2
latest,2
peace,2
you're,2
lot,2
costs,2
oblivious,1
Mountains.,1
ready,1
Rocky,1
day,1
he'd,1
throughout,1
two,1
remembered,1
Revolution,1
men,1
perfect,1
continued,1
"that,",1
because,1
form,1
hung,1
own,1
shut.,1
Multnomah,1
caption,1
eyed,1
fullness,1
bronze,1
professions.”,1
table,1
learned,1
Hall,1
deluge,1
way.,1
"12,",1
rush,1
"point,",1
According,1
purposes,1
attempt,1
person,1
outside,1
reaching,1
building,1
future.,1
heading,1
truth.,1
"least,",1
hundreds,1
mouths,1
hoped,1
years,1
canyon.,1
May,1
drop.,1
“College,1
water,1
control,1
coming.,1
Educational,1
Daughters,1
rain,1
despite,1
plans.,1
thunderstorms,1
o,1
produced,1
Chapter,1
check,1
without,1
west,1
capture,1
facts,1
use,1
completely,1
recognition,1
cloud,1
real,1
trap,1
While,1
front,1
fly,1
secret.,1
women,1
oldest,1
expose,1
purposely,1
"release,",1
marker,1
"branch,",1
"1939,",1
sunny,1
coming,1
inadvertently,1
rational,1
hour,1
apparent,1
Two,1
canyon,1
revealed,1
hoping,1
(is),1
wouldn't,1
eventually,1
slot,1
issue,1
educated,1
world,1
nervously,1
Huge,1
Here,1
discovered,1
least,1
idea,1
amber,1
best,1
below.,1
easily,1
continuous,1
waited,1
placed,1
waited.,1
north,1
out.,1
"sky,",1
wash,1
floods,1
line,1
brought,1
dependant,1
lying,1
won,1
wanted.,1
American,1
Frank,1
place,1
started,1
dissolved,1
flash,1
specimen,1
big,1
"seconds,",1
whether,1
But,1
Five,1
"twist,",1
"well,",1
set,1
time.,1
put,1
previous,1
everything,1
"three,",1
rushed,1
horns,1
dreamed,1
sludge,1
grunt,1
under,1
spent,1
safe,1
one,1
too,1
behind.,1
become,1
bear,1
"minute,",1
dawned,1
Ten,1
contortions,1
down.,1
disgust.,1
pretend,1
hammer,1
ribs,1
left,1
tick,1
sped,1
remained,1
fondling,1
sudden,1
such,1
confused,1
glint,1
thing,1
life,1
leaving,1
off.,1
sparkled,1
enough,1
"not,",1
owning,1
each,1
animal,1
Everything,1
in.,1
red,1
room,1
its,1
minutes,1
now,1
year,1
weren't,1
upside,1
sheep,1
forgotten,1
paint,1
became,1
"up,",1
enter,1
"him,",1
anger,1
yelling.,1
"darkness,",1
anything,1
Thirty,1
Fifteen,1
couldn't,1
hours,1
dream,1
Richard,1
"four,",1
one...,1
hard,1
sun.,1
caring,1
taken,1
purpose.,1
double-check,1
all.,1
"background,",1
ago.,1
moment,1
forced,1
through,1
began,1
thrown,1
"ten,",1
utilized,1
baby,1
something,1
"itself,",1
heard,1
change,1
fully,1
"two,",1
Twenty,1
grabbing,1
think,1
about.,1
most,1
went,1
jabbed,1
headphones,1
need.,1
side,1
point,1
"door,",1
since,1
pampering,1
reality,1
panic,1
"who,",1
by.,1
hold,1
little,1
less,1
rapid,1
lowest,1
gave,1
often,1
you.,1
pride,1
spin,1
"smartphone,",1
always,1
"table,",1
buy,1
eyes.,1
fact,1
sea,1
certain,1
serious,1
alternative,1
particular,1
play.,1
Whatever,1
daughter,1
phone,1
new,1
this.,1
proclaimed.,1
teals,1
"why,",1
more,1
forget,1
itself.,1
"head,",1
can,1
greens.,1
it's,1
monthly,1
difficult,1
love,1
per,1
incorrect,1
proof,1
excitedly,1
actually,1
say,1
unexpected,1
consequences.,1
course,1
shaken.,1
great,1
relationship,1
expensive,1
"se,",1
head,1
action.,1
"daddy,",1
differently,1
hate,1
prepared,1
fondness,1
"\"See",1
"real!\"",1
go,1
admit,1
clothes,1
is,1
remember,1
favorite,1
others,1
deeply,1
relived,1
games,1
Derick,1
stood,1
beyond,1
infatuated,1
You,1
took,1
played,1
overall,1
occurrence,1
He's,1
additional,1
find,1
due,1
style.,1
date,1
want,1
"way,",1
explained,1
initial,1
looking,1
simply,1
titles,1
mind.,1
much,1
road,1
No,1
do,1
child,1
Yet,1
wore,1
are,1
better,1
flowed,1
her.,1
found,1
gift,1
before,1
heart,1
I,1
gaming,1
sacrifice,1
wrong.,1
Don't,1
better.,1
know,1
came,1
belief,1
colorblind.,1
color.,1
bill.,1
committing,1
price.,1
illusion,1
likely,1
"system,",1
